Date,Username,User tag,Content,Mentions,link
"2022-05-14,19:51:14","Hathena","#6395","Couche Tard food is the bomb","",""
"2022-05-14,19:53:00","valley seeker","#0186","Martin Scorsese and Bill Maher are right about superhero comics and superhero movies.
I will get destroyed by this one but heck it.","",""
"2022-05-15,09:30:47","LOLO","#5036","Stan Lee wrote all marvel scripts","",""
"2022-05-17,20:07:13","nomorethannick","#2460","This isn't your opinion dipshit","LOLO#5036",""
"2022-05-17,20:07:19","nomorethannick","#2460","stop stealing from people","",""
"2022-05-17,20:07:46","LOLO","#5036","Where does it say it has to be mine","nomorethannick#2460",""
"2022-05-17,20:07:53","LOLO","#5036","It's still unpopular","",""
"2022-05-17,20:08:00","nomorethannick","#2460","Ok well here's my unpopular opinion","",""
"2022-05-17,20:08:06","nomorethannick","#2460","furries are decent human beings","",""
"2022-05-17,20:08:10","LOLO","#5036","Oh no","",""
"2022-05-17,20:08:17","LOLO","#5036","Imagine liking something Nick doesn't","",""
"2022-05-17,20:08:18","nomorethannick","#2460","How do you like that one Obama","",""
"2022-05-17,20:08:18","Frunnkis","#8368","That's not unpopular that's incorrect","",""
"2022-05-17,20:08:26","LOLO","#5036","HAHAHAH","Frunnkis#8368",""
"2022-05-17,20:08:47","nomorethannick","#2460","it can be both","Frunnkis#8368",""
"2022-05-17,20:09:21","nomorethannick","#2460","some crimes cannot be forgiven","LOLO#5036",""
"2022-05-27,23:20:27","Wubba Wubba","#1493","Eating corn on the cob sucks fucking ass","",""
"2022-05-27,23:20:50","Wubba Wubba","#1493","Everytime I take a bite, sometimes I go to deep and take a bite into what feels like a fucking rock","",""
"2022-05-27,23:21:20","Wubba Wubba","#1493","Than after I'm done eating, there are a bunch of bits of corn in between my teeth, and it always hurts/annoys me","",""
"2022-05-27,23:21:27","Why?","#3862","Can I call people dumbasses on this channel","",""
"2022-05-27,23:21:42","Wubba Wubba","#1493","I don't see why you wouldn't be able to","",""
"2022-05-27,23:23:11","Dinanox","#7811","Arthur, you keep striving away from god","",""
"2022-05-27,23:26:17","Wubba Wubba","#1493","Everytime I'm offered corn on the cob, I hold it up vertically on top of a plate, and cut off the nubs of corn off with a knife","",""
"2022-05-27,23:35:52","Frunnkis","#8368","yes","Why?#3862",""
"2022-05-27,23:35:55","Frunnkis","#8368","you should in fact","",""
"2022-05-27,23:38:23","Wubba Wubba","#1493","Well, this was indeed an unpopular opinion","",""
"2022-05-27,23:40:21","Fart City 2","#4264","next unpopular opinion <@162982682098270208>","Le Mounir#6969",""
"2022-05-27,23:40:55","Wubba Wubba","#1493","I remember one of the unpopular opinions of mou","",""
"2022-05-27,23:41:04","Wubba Wubba","#1493","He literally hates every vegetable","",""
"2022-05-27,23:41:09","Fart City 2","#4264","mou is full of unpopular opinions","",""
"2022-05-27,23:41:10","Wubba Wubba","#1493","Literally all of them","",""
"2022-05-27,23:41:19","Wubba Wubba","#1493","In any way they're cooked","",""
"2022-05-27,23:41:20","Why?","#3862","Mou is an unpopular opinion","",""
"2022-05-27,23:41:28","Wubba Wubba","#1493","True","",""
"2022-05-27,23:50:37","Le Mounir","#6969","I don't like em","",""
"2022-05-27,23:50:41","Le Mounir","#6969","I hate half of em","",""
"2022-05-27,23:51:11","Why?","#3862","You set yourself up to be insulted so easily","",""
"2022-05-27,23:51:26","Le Mounir","#6969","I still eat them bitch","",""
"2022-05-27,23:54:52","Dinanox","#7811","You‚Äôre a baby","",""
"2022-05-27,23:56:37","Wubba Wubba","#1493","Chips and fries don't count. Neither does the lettuce in a burger.","",""
"2022-05-27,23:56:57","Why?","#3862","Why do you send texts with periods","",""
"2022-05-27,23:57:16","Wubba Wubba","#1493","Because they please my eyes to see.","",""
"2022-05-27,23:57:30","Why?","#3862","Okay.","",""
"2022-05-27,23:57:38","Why?","#3862","Have a bad night.","",""
"2022-05-27,23:58:01","Wubba Wubba","#1493","Okay, gn Santi :)","",""
"2022-05-27,23:58:23","Le Mounir","#6969","Fuck you","",""
"2022-05-30,08:09:02","valley seeker","#0186","I just played smash for the nintendo 64 with a friend.

Wow. All smash game are truly the same contentless scam aren't they? All people who pay 7 dollars or more for a moveset(excuse me, a ""character dlc"") are fool and does not deserve the money.

Im removing the smash scam from my nintendo plunge. Fuck that noise.","",""
"2022-05-30,08:17:23","Le Mounir","#6969","<:died:973097382621380618> <:died:973097382621380618> <:died:973097382621380618>","",""
"2022-05-30,08:17:36","Le Mounir","#6969","You'll cry when you see more fighting games","",""
"2022-05-30,08:18:08","Le Mounir","#6969","Peut √™tre pas smash 64, mais les autres smash except ultimate are packed with content","",""
"2022-05-30,09:04:06","valley seeker","#0186","I indeed lost hope on most of humankind when I played injustice, street fighter, guilty gear and dbz fighterz.

They are all the same, but with different moveset. Fuck me, the character does not even matter. Why would I ever play superman if he can lose against the motherfucking joker?! Why would I pay for gogeta blue if he can be beaten by videl?!","Le Mounir#6969",""
"2022-05-30,09:04:10","valley seeker","#0186","Whats the point?!","",""
"2022-05-30,09:05:18","Darky4540","#5733","Bro just play the one punch man fighting game. Have fun trying to beat Saitama:)","",""
"2022-05-30,09:07:07","Le Mounir","#6969","Omg","",""
"2022-05-30,09:07:17","Le Mounir","#6969","I have never read such a bad text","",""
"2022-05-30,09:07:45","Le Mounir","#6969","Video Games being balanced and diversified isn't a bad thing bro","",""
"2022-05-30,09:08:19","Le Mounir","#6969","Also fighting games are mostly competitive","",""
"2022-05-30,09:08:38","Le Mounir","#6969","Aka: 95% of em","",""
"2022-05-30,09:09:04","Le Mounir","#6969","Imagine a comp√©titive environnement with only 1 playable character","",""
"2022-05-30,09:09:14","Le Mounir","#6969","Cause Goku fucking Beats everyone","",""
"2022-05-30,10:16:40","Darky4540","#5733","This do be the unpopular opinion chanel","",""
"2022-05-30,10:17:05","Darky4540","#5733","But does be beat christ and or Allah?","Le Mounir#6969",""
"2022-05-30,10:17:42","Le Mounir","#6969","yes bee beat","",""
"2022-05-30,10:20:53","SpencerKnight100","#1990","Can he beat the Monkey King? 'Cause he's got like 5 different methods of immortality stacked up (how that works is anyone's guess).","",""
"2022-05-30,10:47:05","Frunnkis","#8368","Street Fighter 1 and every pre-street fighting game (they suck)","Le Mounir#6969",""
"2022-05-30,10:58:55","Le Mounir","#6969","The only good game","",""
"2022-05-30,11:11:03","valley seeker","#0186","Not when it contredict the iconisation of the character or the power scaling.

When you play superman, aren't you supposed to feel like superman? If everyone have the same power, then you can just swap skin characters.

Its like playing a batman game and then get beaten by a bunch of kids.","Le Mounir#6969",""
"2022-05-30,11:11:29","Le Mounir","#6969","I don't think you understand the point of a fighting game","",""
"2022-05-30,11:11:52","valley seeker","#0186","And no, gamer do not care about fairness.

Look at borderland. Destiny. Hell, every fucking rpg ever with no scaling.","",""
"2022-05-30,11:11:59","valley seeker","#0186","Indeed, I do not","Le Mounir#6969",""
"2022-05-30,11:12:12","Le Mounir","#6969","They're not competitive fighging experiences","",""
"2022-05-30,11:12:46","Le Mounir","#6969","Idk how to explain better, people have fun cause diversity of gameplay","",""
"2022-05-30,11:12:57","valley seeker","#0186","I see them as a waste of time. Better go fighting in real life, earing your heartbeat, blood pumping and getting physically more fit.","",""
"2022-05-30,11:13:00","Frunnkis","#8368","What?
Destiny, quite possibly the biggest shooter ever, has only 2-3 ""overpowered"" items at a time Ina constantly shifting meta","valley seeker#0186",""
"2022-05-30,11:13:10","Le Mounir","#6969","Yes.","",""
"2022-05-30,11:13:12","Le Mounir","#6969","Exactly","",""
"2022-05-30,11:13:14","valley seeker","#0186","Its literally the same thing.","Le Mounir#6969",""
"2022-05-30,11:13:18","Le Mounir","#6969","Put your life in danger","",""
"2022-05-30,11:13:27","valley seeker","#0186","Legendary item in destiny 1","Frunnkis#8368",""
"2022-05-30,11:13:27","Le Mounir","#6969","Instead of fighting with a controller","",""
"2022-05-30,11:14:02","valley seeker","#0186","You know, the fatality rate is really low in actual sport right.","Le Mounir#6969",""
"2022-05-30,11:14:37","valley seeker","#0186","And its still better than to waste that one life you have perfecting move you could actually do( not supernatural of course) in real life","",""
"2022-05-30,11:14:51","Le Mounir","#6969","Really low is worst than zero my guy","",""
"2022-05-30,11:15:03","valley seeker","#0186","Danger is part of life. This...

Boring life is way worse than a dangerous one","",""
"2022-05-30,11:15:08","valley seeker","#0186","By a wide margin","",""
"2022-05-30,11:15:12","Le Mounir","#6969","What","",""
"2022-05-30,11:15:18","Le Mounir","#6969","Petite question","",""
"2022-05-30,11:15:22","Frunnkis","#8368","Ah yes. Let me do Chun-Li's 15 kick super with my crippled back","",""
"2022-05-30,11:15:31","Le Mounir","#6969","C quoi ton opinion sur Joseph Staline?","",""
"2022-05-30,11:15:39","valley seeker","#0186","?","Le Mounir#6969",""
"2022-05-30,11:16:21","valley seeker","#0186","I said living a dangerous life is better than just... existing for 80 years, and you ask me about stalin?","",""
"2022-05-30,11:16:26","Le Mounir","#6969","Ye","",""
"2022-05-30,11:16:36","valley seeker","#0186","What the hell is the connection?","",""
"2022-05-30,11:17:04","Le Mounir","#6969","Il a rendu la vie de pleins de gens dangereuse!","",""
"2022-05-30,11:17:06","Le Mounir","#6969","More interesting","",""
"2022-05-30,11:17:09","valley seeker","#0186","If you have to know, he is a lefty like me but I do not approve of his method and his result","",""
"2022-05-30,11:17:10","Le Mounir","#6969","Cooler life's","",""
"2022-05-30,11:17:23","valley seeker","#0186","Not...

The point","",""
"2022-05-30,11:17:34","valley seeker","#0186","Did you ever do skydiving?","",""
"2022-05-30,11:17:58","valley seeker","#0186","When your heart plunge, your adreline just rush inside your vein","",""
"2022-05-30,11:18:01","Le Mounir","#6969","yes actually!","",""
"2022-05-30,11:18:05","Le Mounir","#6969","I loved it","",""
"2022-05-30,11:18:10","valley seeker","#0186","Thats living dangerously.","",""
"2022-05-30,11:18:20","Le Mounir","#6969","I vomitted the whole way down","",""
"2022-05-30,11:18:20","valley seeker","#0186","Its putting your life on the line responsibly","",""
"2022-05-30,11:18:25","Le Mounir","#6969","Parce-que j'ai le vertige","",""
"2022-05-30,11:18:29","valley seeker","#0186","Lol","",""
"2022-05-30,11:18:43","valley seeker","#0186","I got out with my eyes fully red","",""
"2022-05-30,11:18:51","Le Mounir","#6969","Just like your hair","",""
"2022-05-30,11:18:59","valley seeker","#0186","I got scared shitless.

11/10. Would do it again","",""
"2022-05-30,11:19:17","Le Mounir","#6969","Why tf would you shit while skydiving","",""
"2022-05-30,11:19:38","Le Mounir","#6969","Did you mean shirtless","",""
"2022-05-30,11:19:49","Le Mounir","#6969","I think it's dangerous skydiving shirtless","",""
"2022-05-30,11:20:07","valley seeker","#0186","No, I meant shitless. As in, adding a tone to my word.","",""
"2022-05-30,11:20:24","Le Mounir","#6969","Genre you don't wanna poop in the sky? I feel you","",""
"2022-05-30,11:20:34","Le Mounir","#6969","I would be scared to shit in a jump suit myself","",""
"2022-05-30,11:20:54","Darky4540","#5733","Ok but wtf is that logic borderlands has very little pvp its a looters shooter. Second of all batman doesn't have the same move sets. Sure superman in theory does the same about of damage as lets say batman which makes very little since but it's about the fun of a game. Again I bring up Saitama in his fighting game. He literally cannot be beat period. He insta kills everyone. That game has ludicrous power scaling but it's done for the funny haha. The whole point of competitive is so that you have some chance when fighting the canonical God character. I think the only game that doesn't really do that is DMC5 when you play as Virgil. You are playing as an apex fucking predator","valley seeker#0186",""
"2022-05-30,11:20:57","Darky4540","#5733","Same with doomguy","",""
"2022-05-30,11:21:05","Darky4540","#5733","Even though sure doomguy can die to an imp","",""
"2022-05-30,11:21:10","Le Mounir","#6969","Sorry sacha I'm too tired to read that","",""
"2022-05-30,11:21:12","Darky4540","#5733","He's still an apex predator","",""
"2022-05-30,11:21:17","Darky4540","#5733","Fair man","Le Mounir#6969",""
"2022-05-30,11:21:35","Le Mounir","#6969","Btw JSP si j'ai eu l'occasion de te le dire but I really liked your make up","",""
"2022-05-30,11:21:36","inoowo","#5169","it's for the other one anyways pas toi mou","",""
"2022-05-30,11:21:41","valley seeker","#0186","But yeah. My point is, you don't have to fight to the death. I did boxing for 3 years and I never killed anyone. You can, not waste your life","",""
"2022-05-30,11:21:48","Le Mounir","#6969","Ok but","",""
"2022-05-30,11:21:52","Le Mounir","#6969","Most people","",""
"2022-05-30,11:21:54","valley seeker","#0186","""No paragraph"" nha kidding","Darky4540#5733",""
"2022-05-30,11:22:00","Le Mounir","#6969","Dont like fighting","",""
"2022-05-30,11:22:08","Frunnkis","#8368","Are you implying that the only way too live a fulfilling life is through violence?","",""
"2022-05-30,11:22:24","Le Mounir","#6969","Tu vas pas me dire que tu tes jamais bless√© en faisant de la boxe en trois ans","",""
"2022-05-30,11:22:26","valley seeker","#0186","But actually, just put god tier character against other god tier character. Why is that so hard?","Darky4540#5733",""
"2022-05-30,11:22:35","Darky4540","#5733","Also what uou complain of said life yet you live in it. Society?","valley seeker#0186",""
"2022-05-30,11:22:44","Darky4540","#5733","Bruh shut","valley seeker#0186",""
"2022-05-30,11:22:48","Le Mounir","#6969","Xeno against xeno","",""
"2022-05-30,11:23:00","Darky4540","#5733","While I do agree how do you scale Saitama to fucking anyone","valley seeker#0186",""
"2022-05-30,11:23:05","Le Mounir","#6969","The only two characters that could beat each other up in dbfz","",""
"2022-05-30,11:23:11","valley seeker","#0186","You don't","Darky4540#5733",""
"2022-05-30,11:23:26","Darky4540","#5733","Yet wouldn't it be fun to play as Saitama?","",""
"2022-05-30,11:23:26","valley seeker","#0186","No. Through adventure","Frunnkis#8368",""
"2022-05-30,11:23:27","Le Mounir","#6969","Are you born ginger or is it hair dye?","",""
"2022-05-30,11:23:38","Darky4540","#5733","Lol what","Le Mounir#6969",""
"2022-05-30,11:23:39","valley seeker","#0186","I don't look crippled","Le Mounir#6969",""
"2022-05-30,11:24:08","valley seeker","#0186","I was born soulless, horny and inferior.

So yes, ginger born","Le Mounir#6969",""
"2022-05-30,11:24:21","Le Mounir","#6969","That's so sad","",""
"2022-05-30,11:24:22","Le Mounir","#6969","Btw","",""
"2022-05-30,11:24:28","valley seeker","#0186","Lol","",""
"2022-05-30,11:24:31","Le Mounir","#6969","I've heard rumors","",""
"2022-05-30,11:24:35","Darky4540","#5733","Oof","valley seeker#0186",""
"2022-05-30,11:24:36","Le Mounir","#6969","Are you a libertarian","",""
"2022-05-30,11:24:41","Darky4540","#5733","KEKW","",""
"2022-05-30,11:24:46","Darky4540","#5733","What the fuck has this turned into","",""
"2022-05-30,11:24:46","inoowo","#5169","sjbsjansja","",""
"2022-05-30,11:24:52","Le Mounir","#6969","J'aurais du √©crire librarian √ßa aurait √©t√© tellement dr√¥le","",""
"2022-05-30,11:24:53","the good olive oil","#7281","Mother of christ","",""
"2022-05-30,11:25:01","inoowo","#5169","<:laughingcrying:720798539197841491>","",""
"2022-05-30,11:25:03","Darky4540","#5733","Also thank you my children for keeping this in unpopular opinion cause I do need to say","",""
"2022-05-30,11:25:12","Darky4540","#5733","This is the most unpopular opinion I have ever fucking heard","",""
"2022-05-30,11:25:23","Darky4540","#5733","<:happygelt:824960596821934120> <:troll_laugh:923680213005664266>","",""
"2022-05-30,11:25:34","Le Mounir","#6969","I want to eat a Twinkie","",""
"2022-05-30,11:25:43","Frunnkis","#8368","arthur?","Le Mounir#6969",""
"2022-05-30,11:25:54","Le Mounir","#6969","I'll fucking murder you","",""
"2022-05-30,11:26:03","the good olive oil","#7281","<@450110378047701012> thoughts on mou?","Wubba Wubba#1493",""
"2022-05-30,11:26:14","valley seeker","#0186","You wanna talk about this here?

And the answer is yes, really far into the green quadrant to say lightly.

But no politics here","Le Mounir#6969",""
"2022-05-30,11:26:16","Wubba Wubba","#1493","I love mou.","",""
"2022-05-30,11:26:20","Le Mounir","#6969","I can't do jokes about his mom any more I'm sad","",""
"2022-05-30,11:26:26","valley seeker","#0186","Wait, arthur is joe?","",""
"2022-05-30,11:26:32","valley seeker","#0186","Why joe","",""
"2022-05-30,11:26:41","Wubba Wubba","#1493","JOE MAMA","",""
"2022-05-30,11:26:50","Darky4540","#5733","","",""
"2022-05-30,11:26:50","valley seeker","#0186","HAA","Wubba Wubba#1493",""
"2022-05-30,11:26:57","Le Mounir","#6969","Are you the Linux type of libertarian,.the gun type or the crypto type?","",""
"2022-05-30,11:27:10","Le Mounir","#6969","Or the three of em","",""
"2022-05-30,11:27:17","valley seeker","#0186","Like i said. Not the place.

I am the marx type","Le Mounir#6969",""
"2022-05-30,11:27:22","Le Mounir","#6969","What","",""
"2022-05-30,11:27:26","Darky4540","#5733","Marxist libertarian?","",""
"2022-05-30,11:27:27","Darky4540","#5733","What","",""
"2022-05-30,11:27:28","Le Mounir","#6969","Have","",""
"2022-05-30,11:27:29","Darky4540","#5733","The fuck?","",""
"2022-05-30,11:27:29","Le Mounir","#6969","Tou","",""
"2022-05-30,11:27:31","Le Mounir","#6969","Rnsksvsisbss","",""
"2022-05-30,11:27:40","Le Mounir","#6969","Have you read anything from Marx???","",""
"2022-05-30,11:27:40","Frunnkis","#8368","Isn't that contradictory?","",""
"2022-05-30,11:27:45","the good olive oil","#7281","aren‚Äôt libertarians on the right of the compass?????","",""
"2022-05-30,11:27:49","Le Mounir","#6969","No","",""
"2022-05-30,11:27:51","valley seeker","#0186","No","",""
"2022-05-30,11:27:53","valley seeker","#0186","And yes","",""
"2022-05-30,11:27:54","Le Mounir","#6969","Diff√©rent shit","",""
"2022-05-30,11:28:10","Le Mounir","#6969","It can be both","",""
"2022-05-30,11:28:11","the good olive oil","#7281","oh","",""
"2022-05-30,11:28:16","Wubba Wubba","#1493","I miss seeing him. I wish I liked going out more, so I could go out with friends, but I usually whine, or am unpleasant to be around.","",""
"2022-05-30,11:28:24","Le Mounir","#6969","Mais la boussole politique is shit anyway","",""
"2022-05-30,11:28:35","valley seeker","#0186","Indeed","Le Mounir#6969",""
"2022-05-30,11:28:40","Darky4540","#5733","A Marxist libertarian is questionable since libertarians believe in a very strong market and private companies doing the heavy lifting","",""
"2022-05-30,11:28:50","Darky4540","#5733","Can you please explain????","",""
"2022-05-30,11:28:52","valley seeker","#0186","Yes. And engel. And lenin.","Le Mounir#6969",""
"2022-05-30,11:28:52","Le Mounir","#6969","I like your whining","",""
"2022-05-30,11:29:10","valley seeker","#0186","Libertarian believe in a weak state.

Thats our common point","Darky4540#5733",""
"2022-05-30,11:29:17","Frunnkis","#8368","https://tenor.com/view/he-just-like-me-fr-gif-25075803","Wubba Wubba#1493",""
"2022-05-30,11:29:33","valley seeker","#0186","Gotta go back to work","",""
"2022-05-30,11:29:34","Darky4540","#5733","No? I mean kinda but marx believed in a strong state where class is removed","",""
"2022-05-30,11:29:43","Darky4540","#5733","A classless state not anarchism","",""
"2022-05-30,11:29:45","valley seeker","#0186","No. He's a anarchist","Darky4540#5733",""
"2022-05-30,11:30:05","valley seeker","#0186","A stateless, classless state","",""
"2022-05-30,11:30:12","Darky4540","#5733","What","",""
"2022-05-30,11:30:14","Darky4540","#5733","Mo","",""
"2022-05-30,11:30:23","Darky4540","#5733","Nono","",""
"2022-05-30,11:30:26","Darky4540","#5733","I mean you could interpret him as that I guess","",""
"2022-05-30,11:30:33","Le Mounir","#6969","Ok I don't wanna get into it that much","",""
"2022-05-30,11:30:37","Le Mounir","#6969","Mais","",""
"2022-05-30,11:30:43","inoowo","#5169","mounirrr","",""
"2022-05-30,11:30:46","inoowo","#5169","noooon","",""
"2022-05-30,11:30:48","Le Mounir","#6969","Dictature du prol√©tariat","",""
"2022-05-30,11:30:48","inoowo","#5169","no mais","",""
"2022-05-30,11:30:50","inoowo","#5169","nooooo","",""
"2022-05-30,11:30:52","Le Mounir","#6969","C genre un objectif","",""
"2022-05-30,11:30:52","the good olive oil","#7281","√Ñ","",""
"2022-05-30,11:30:54","Le Mounir","#6969","Voil√†","",""
"2022-05-30,11:31:21","Le Mounir","#6969","TBF i haven't read shit in years","",""
"2022-05-30,11:31:49","Le Mounir","#6969","I'm too scared to fuck up one sentence and fuck up a whole argument cause of it","",""
"2022-05-30,11:31:51","Le Mounir","#6969","Also","",""
"2022-05-30,11:32:05","Darky4540","#5733","Only brainlets think marx was an anarchist that's like saying yeah hitler was a nasbol","",""
"2022-05-30,11:32:06","Darky4540","#5733","Like what","",""
"2022-05-30,11:32:16","Le Mounir","#6969","Why do ginger people have freckles??","",""
"2022-05-30,11:32:23","Le Mounir","#6969","Genre what's the correlation","",""
"2022-05-30,11:32:34","Le Mounir","#6969","Where my science bitches at","",""
"2022-05-30,11:32:46","Darky4540","#5733","Just an fyi <@533006800849731616> I respect your opinion I'm just turbo fucking lost","valley seeker#0186",""
"2022-05-30,11:33:28","the good olive oil","#7281","as someone who gave up on sciences years ago, they‚Äôre just built worse","",""
"2022-05-30,11:33:36","Le Mounir","#6969","O good to know","",""
"2022-05-30,11:33:41","the good olive oil","#7281","Npnp","",""
"2022-05-30,11:33:41","Le Mounir","#6969","Fucking Irish people","",""
"2022-05-30,11:33:51","Darky4540","#5733","Fucking gingers man","",""
"2022-05-30,11:33:56","Le Mounir","#6969","Rootbeer","",""
"2022-05-30,11:33:58","Le Mounir","#6969","Wait","",""
"2022-05-30,11:33:59","Le Mounir","#6969","No","",""
"2022-05-30,11:34:01","Darky4540","#5733","Beer","",""
"2022-05-30,11:34:02","Le Mounir","#6969","What's the name","",""
"2022-05-30,11:34:05","Le Mounir","#6969","Canada dry","",""
"2022-05-30,11:34:08","Frunnkis","#8368","https://tenor.com/view/monka-walk-away-monka-s-monka-w-monka-pepe-gif-24418591","Le Mounir#6969",""
"2022-05-30,11:34:09","Le Mounir","#6969","Here we go","",""
"2022-05-30,11:34:09","Darky4540","#5733","Gingerale","",""
"2022-05-30,11:34:17","Darky4540","#5733","I'd fuck irish ppl","",""
"2022-05-30,11:34:19","Le Mounir","#6969","You're Scottish in my head","",""
"2022-05-30,11:34:28","Darky4540","#5733","Unpopular opinion the northern Ireland is danish","",""
"2022-05-30,11:34:43","the good olive oil","#7281","pulling out my ancestry results rq üò©","",""
"2022-05-30,11:34:55","Le Mounir","#6969","Unpopular opinion I could beat the whole British monarchy in a fight","",""
"2022-05-30,11:35:04","the good olive oil","#7281","You should try","",""
"2022-05-30,11:35:24","Darky4540","#5733","Nah bro queen Elizabeth will suck the soul out of you","",""
"2022-05-30,11:35:53","Le Mounir","#6969","I'll say one word in Arabic she'll cry","",""
"2022-05-30,11:36:01","the good olive oil","#7281","LMAO","",""
"2022-05-30,11:36:34","the good olive oil","#7281","did y‚Äôall see that spotify playlist of songs that would instakill prince philip","",""
"2022-05-30,11:36:40","the good olive oil","#7281","and then he died a week later","",""
"2022-05-30,11:36:45","Le Mounir","#6969","Omg","",""
"2022-05-30,11:36:55","Le Mounir","#6969","They killed.matt smith","",""
"2022-05-30,11:36:56","Frunnkis","#8368","LMAO","",""
"2022-05-30,11:37:04","Frunnkis","#8368","https://tenor.com/view/yakuza-kazuma-kiryu-pissed-off-gif-14586175","Le Mounir#6969",""
"2022-05-30,11:37:06","the good olive oil","#7281","then it was renamed ‚Äúmission accomplished‚Äù","",""
"2022-05-30,11:37:12","Darky4540","#5733","I'll show her my missing partial nut she will coom","",""
"2022-05-30,11:37:12","Le Mounir","#6969","<:died:973097382621380618> <:died:973097382621380618>","",""
"2022-05-30,11:39:38","Darky4540","#5733","Andy why you reacting to my sexual posts I'll fucking fuck kill üò§","",""
"2022-05-30,11:39:49","Darky4540","#5733","üáÆüá±","",""
"2022-05-30,11:42:47","Le Mounir","#6969","<:RalseisJoint:896573583072059402>","",""
"2022-05-30,12:10:08","Gawa yawa","#2526","What happend here","",""
"2022-05-30,12:13:15","Le Mounir","#6969","Racism","",""
"2022-05-30,12:16:34","Darky4540","#5733","Today's subject","",""
"2022-05-30,12:16:36","Darky4540","#5733","Slavery","",""
"2022-05-30,12:18:06","Le Mounir","#6969","<:Pistache:953253015706562620>","",""
"2022-05-30,13:05:33","valley seeker","#0186","...

So to explain what I believe without big detail.

Engel, marx and lenin believe the state is an external being to the people, therefore, if people directly form the government, it is enforcement by culture.

But how do you enact this with millions of people? You don't, you hyper-decentralize the country into multiple collective.

Marx believe an external threat like the state and other country need to be constantly checked. Therefore, marx, engel and lenin were pro gun absolutist. So am I. It is in our belief that not only the people should be armed, it should be a duty for people to overthrow a state that try to remove such right. To a libertarian socialist, owning a literal bazooka is ethical. Exemple, many libertarian socialist, including me, believe that the public execution of Ocasio cortez and her lapdogs squad is absolutely ethical. Especially since she approved of an actual dictator in Venezuela and said we should imitate it.

Is the confusion cleared or do I delve further?

Main believer are marx,engel, early lenin, orwell, huxley, spengler","",""
"2022-05-30,13:05:57","valley seeker","#0186","Also, mounir.

How did you know? Where did you heard the rumor?","",""
"2022-05-30,13:08:10","valley seeker","#0186","Also, we ginger were created ""a la"" slanesh.

We were murdered-fucked into existence by the dark one.","",""
"2022-05-30,13:09:31","valley seeker","#0186","If you get the ref, you are an absolute chad","",""
"2022-05-30,13:09:46","valley seeker","#0186","I think sacha would get the reference","",""
"2022-05-30,13:11:42","Gawa yawa","#2526","Oscasio cortez?","",""
"2022-05-30,13:11:43","Gawa yawa","#2526","Like","",""
"2022-05-30,13:11:56","Gawa yawa","#2526","Alexandria oscasio cortez?","",""
"2022-05-30,13:12:02","valley seeker","#0186","Yes, that dog","",""
"2022-05-30,13:13:51","Darky4540","#5733","Very giga based warham reference","",""
"2022-05-30,13:15:33","valley seeker","#0186","YES","Darky4540#5733",""
"2022-05-30,13:17:37","Darky4540","#5733","Also wait","",""
"2022-05-30,13:18:00","Darky4540","#5733","Execution od Cortez may I please know as to why it would be ethical to murder a politician?","",""
"2022-05-30,13:18:53","Darky4540","#5733","Am confusion","",""
"2022-05-30,13:20:57","valley seeker","#0186","It is ethical to murder an authoritarian as they wish to impose their will and belief on others by coercion. Liberal(as in political liberalism) politicians generally don't do that

We respond to such method with violence and force","",""
"2022-05-30,13:22:17","valley seeker","#0186","Anyhow. I am eating kraft minute, it may take some time before answering.","",""
"2022-05-30,13:25:46","the good olive oil","#7281","Mother of god","",""
"2022-05-30,13:26:52","goobity","#0420","<:sweating:943933471376674886>","",""
"2022-05-30,13:28:31","the good olive oil","#7281","how about you take a kraft minute to touch some grass","",""
"2022-05-30,13:30:17","Wubba Wubba","#1493","And I like you too :)","",""
"2022-05-30,13:30:19","valley seeker","#0186","But grass is bowing UwU","the good olive oil#7281",""
"2022-05-30,13:30:23","the good olive oil","#7281","imposing your wills and beliefs by coercion = bad but imposing your wills and beliefs by murder = based? just so i get this right","",""
"2022-05-30,13:31:01","Wubba Wubba","#1493","Of course, if you disagree with someone, fucking murder them and take their place in the hierarchy smh","",""
"2022-05-30,13:31:13","valley seeker","#0186","No since one is a reaction and the other is pro active.

Its like saying that killing the person that is trying to kill you is unethical","the good olive oil#7281",""
"2022-05-30,13:31:51","Darky4540","#5733","But AOC isn't trying to murder you plus she's in tbe states not Canada","",""
"2022-05-30,13:31:59","valley seeker","#0186","The ocasio squad are pro active in their authoritarian way.

The other is just reacting to it.","",""
"2022-05-30,13:32:04","Darky4540","#5733","Why not focus that on a Canadian politician or sm","",""
"2022-05-30,13:33:35","valley seeker","#0186","...","",""
"2022-05-30,13:33:39","Darky4540","#5733","Also what exactly do you mean by she's authoritarian","",""
"2022-05-30,13:38:30","valley seeker","#0186","Imposing affirmative action, by the state

Taking exemple of venezuela

Pro covid mandate while not respecting those same mandate(rule for thee, not for me authoritarian syndrome)

Is not for freedom of speech if said speech is against her own.

Huge monopoly on media narrative. A bit like the cbc in canada, most media are directly funded by some partie. The democrat have a near monopole

Maoist tendency toward education, such as trying to put her belief, and shutting down other belief through the education system.

Undefined and interchangeable definition of hate speech to play the lenin rethorical game( late lenin mind you)","Darky4540#5733",""
"2022-05-30,13:38:36","valley seeker","#0186","Do I need to continue?","",""
"2022-05-30,13:42:59","Darky4540","#5733","Ok and what do you think of soros","",""
"2022-05-30,13:44:41","Darky4540","#5733","And his ilk","",""
"2022-05-30,13:45:03","valley seeker","#0186","Who?","",""
"2022-05-30,13:45:13","valley seeker","#0186","Wait, imma search","",""
"2022-05-30,13:45:42","Darky4540","#5733","George soros","",""
"2022-05-30,13:46:09","valley seeker","#0186","Ho. Yes him","",""
"2022-05-30,13:48:12","valley seeker","#0186","Erh. He don't show that much authoritarianism, but thats maybe because I don't hear about him often.

Though, he is capitalist and a proponent of federal system and superstate, I do not mind him. As long as he does not coerce people into his belief, I do not mind. To every people their own belief.","",""
"2022-05-30,13:49:38","Darky4540","#5733","Fair enough though I was surprised on his comments on the holocaust considering he is jewish","",""
"2022-05-30,13:49:42","Darky4540","#5733","Anyway last question","",""
"2022-05-30,13:49:46","Darky4540","#5733","Thoughts on kosovo","",""
"2022-05-30,13:49:50","Darky4540","#5733","üáΩüá∞","",""
"2022-05-30,13:53:41","valley seeker","#0186","They are authoritarian so I hate them....


BUT. It is a nation. It has its own cultural identity( although a variation of albanian culture) and therefore has to right to self determine. At least in my view. Kosovo is similar to me is a similar situation to florida. I sort off hate both but they are clearly a nation inside of a bigger state. As a decentrist and a radical in term of ideological diversity, I do not mind them. I actually want them to become their own state.","",""
"2022-05-30,13:53:47","valley seeker","#0186","Is it fair?","",""
"2022-05-30,13:54:54","Bachibouzou08","#3488","<:intensively_judging:772660303384018964>","",""
"2022-05-30,13:54:59","valley seeker","#0186","Anyhow","",""
"2022-05-30,13:55:04","Darky4540","#5733","He has arrived","",""
"2022-05-30,13:55:08","Darky4540","#5733","Fear the nikonikoni","",""
"2022-05-30,13:55:13","Darky4540","#5733",":you:","",""
"2022-05-30,13:55:14","valley seeker","#0186","Any people saw the last chapter of one piece","",""
"2022-05-30,13:55:18","Darky4540","#5733","Fuck","",""
"2022-05-30,13:55:21","Darky4540","#5733","<:Poo:903618859972579370>","",""
"2022-05-30,13:55:31","Darky4540","#5733","Nah but don't spoil it or talk about it in this channel","",""
"2022-05-30,13:55:42","valley seeker","#0186","Fair enough.","",""
"2022-05-30,14:04:49","Darky4540","#5733","Last question for you tony thoughts on Mustafa kemal attaturk","",""
"2022-05-30,14:04:52","Darky4540","#5733","The father of turks","",""
"2022-05-30,14:05:56","Darky4540","#5733","<@533006800849731616>","valley seeker#0186",""
"2022-05-30,14:09:58","valley seeker","#0186","I will pm it to ya after my job in approximately 4h","",""
"2022-05-30,14:20:12","Gawa yawa","#2526","https://youtu.be/qAGuYr3hpR4","",""
"2022-05-30,14:27:48","Darky4540","#5733","This isn't unpopular opinion fuck you it's a masterpiece","",""
"2022-05-30,14:28:55","Gawa yawa","#2526","https://youtu.be/qAGuYr3hpR4","",""
"2022-05-30,14:31:50","Gawa yawa","#2526","That‚Äôs right","",""
"2022-05-30,14:32:05","Gawa yawa","#2526","Watchi gotta say now?","",""
"2022-05-30,14:32:24","Frunnkis","#8368","balls","",""
"2022-05-30,14:33:45","Gawa yawa","#2526","Also","",""
"2022-05-30,14:34:06","Gawa yawa","#2526","There has never been another good mobile only game since the infinity blade trilogy","",""
"2022-05-30,14:34:22","Gawa yawa","#2526","And that‚Äôs fact","",""
"2022-05-30,14:47:46","Darky4540","#5733","FACTS","",""
"2022-05-30,14:48:57","Darky4540","#5733","2 was my favourite","",""
"2022-05-30,14:49:24","Darky4540","#5733","Story lost me but was still fun","",""
"2022-05-30,14:52:31","Gawa yawa","#2526","The story being confusing is due to lore not told in the games","",""
"2022-05-30,14:52:38","Gawa yawa","#2526","There are 2 infinity blade novels","",""
"2022-05-30,14:52:49","Gawa yawa","#2526","1 betweent IB 1 and 2","",""
"2022-05-30,14:52:57","Gawa yawa","#2526","And another one between IB 2 and 3","",""
"2022-05-30,16:11:29","Darky4540","#5733","Yeah I heard never read em sadly","",""
"2022-05-30,16:11:31","Darky4540","#5733","Buy in short","",""
"2022-05-30,16:11:39","Darky4540","#5733","The god king who dies inb3 if I'm not mistakenb","",""
"2022-05-30,16:11:43","Darky4540","#5733","Was not a bad guy at all","",""
"2022-05-30,16:12:05","Darky4540","#5733","And the first person you ever play as in 1 never died and was instead if I get this right the evil mastermind?","",""
"2022-05-30,16:12:10","Darky4540","#5733","Please explain marc","",""
"2022-05-30,16:14:15","Gawa yawa","#2526","Ooooooh boy","",""
"2022-05-30,16:14:22","Gawa yawa","#2526","We about to get into some lore shit","",""
"2022-05-30,16:14:28","Gawa yawa","#2526","I‚Äôm gonna need a minute","",""
"2022-05-30,16:14:32","Darky4540","#5733","If you want dm me it so we don't flood","",""
"2022-05-30,16:14:35","Darky4540","#5733","BUT go ham brother","",""
"2022-05-30,16:14:39","Darky4540","#5733","Just like I do with warhammer","",""
"2022-05-30,18:23:25","Wubba Wubba","#1493","Fr fr","",""
"2022-05-30,18:23:39","Wubba Wubba","#1493","I remember abusing the money glitch and getting the best stuff","",""
"2022-05-30,18:24:29","Wubba Wubba","#1493","2 was kickass for all the secret bosses and 3 new weapons. I remember the dual swords being busted, and the lightsaber guy being the most fucked up boss after a bunch of NG+ cycles","",""
"2022-05-30,19:23:31","Hathena","#6395","No getting overly political here pls.","valley seeker#0186",""
"2022-05-30,19:24:34","Hathena","#6395","It's fine to joke about the war crimes you have committed, but it's never okay to commit war crimes.","",""
"2022-05-30,19:24:56","Hathena","#6395","- Ren√© Descartes","",""
"2022-05-30,19:27:03","valley seeker","#0186","Yep. Went pm instead","Hathena#6395",""
"2022-05-30,19:47:35","DarkLaka","#7327","Unpopular opinion, opinions are overrated","",""
"2022-05-30,20:11:12","Frunnkis","#8368","Unpopular opinion, suck my opinion","DarkLaka#7327",""
"2022-05-31,10:29:03","LOLO","#5036","Unpopular opinion, _ _","",""
"2022-05-31,10:30:22","Darky4540","#5733","Popular opinion","",""
"2022-05-31,10:30:28","Darky4540","#5733","https://tenor.com/view/stranger-cat-stranger-things-strangerthings-cat-cat-cat-fun-gif-17742450","",""
"2022-05-31,10:30:35","Darky4540","#5733","This is cool","",""
"2022-05-31,11:34:17","Le Mounir","#6969","","","https://cdn.discordapp.com/attachments/975183511684272129/981219072601649252/Screenshot_20220528-213523.png"
"2022-05-31,17:36:26","Hathena","#6395","Unpopular opinion: Pie-IX sounds like pee-enough","",""
"2022-06-01,11:57:07","the good olive oil","#7281","that‚Äôs not an unpopular opinion thats just a fact","",""
"2022-06-01,12:02:16","Hathena","#6395","Mobile games being dogshit horrible lately is what they have always been.","",""
"2022-06-01,12:07:18","valley seeker","#0186","I completely agree","Hathena#6395",""
"2022-06-01,12:13:14","Frunnkis","#8368","Somewhat agree
In recent times a lot of artistry, innovation and creativity have died in the name of churning out ultra-fast cash grabs","Hathena#6395",""
"2022-06-01,12:15:16","Why?","#3862","My man's can't trash on the classics like this","Hathena#6395",""
"2022-06-01,12:15:26","Why?","#3862","Put some respect on subway surfers","",""
"2022-06-01,14:22:50","Darky4540","#5733","And clash","",""
"2022-06-01,14:36:59","Hathena","#6395","Sorry but I hated subway surfers","",""
"2022-06-01,14:37:27","Hathena","#6395","I only got into clash of clans because everyone back in high school was into it.","",""
"2022-06-01,14:37:47","Hathena","#6395","I abandoned the game 1 week later","",""
"2022-06-01,15:09:16","Gawa yawa","#2526","Minecraft pe used to be the shit back then","",""
"2022-06-01,15:15:05","valley seeker","#0186","Dragon quest 5 is the most overrated dragon quest.","",""
"2022-06-01,15:15:32","Darky4540","#5733","Dragon quest sentinels of the stary sky deserves more recognition","",""
"2022-06-01,15:16:00","valley seeker","#0186","Never played it. Should play it someday","Darky4540#5733",""
"2022-06-01,15:16:43","valley seeker","#0186","Can we agree that dragon quest 7 is underrated though","",""
"2022-06-01,15:17:16","Darky4540","#5733","Agreed","",""
"2022-06-01,23:45:12","Wubba Wubba","#1493","Bruh this is real","",""
"2022-06-01,23:45:17","Wubba Wubba","#1493","https://mobile.twitter.com/Fleshlight/status/1530312103038537741","",""
"2022-06-01,23:46:07","Le Mounir","#6969","Yes it is","",""
"2022-06-01,23:46:13","Le Mounir","#6969","Amen","",""
"2022-06-01,23:51:00","Wubba Wubba","#1493","Demogorgussy","",""
"2022-06-01,23:51:12","Wubba Wubba","#1493","I'm very curious now","",""
"2022-06-01,23:51:23","Fart City 2","#4264","Demogorgon give good head on god üò©","",""
"2022-06-01,23:52:00","Bachibouzou08","#3488","https://media.discordapp.net/attachments/439872388390191116/980678445510058014/makesweet-tpta6g.gif","",""
"2022-06-01,23:52:12","Fart City 2","#4264","NEVER!!!!","",""
"2022-06-02,12:49:27","Hathena","#6395","no","",""
"2022-06-06,16:03:07","Fart City 2","#4264","having a porn addiction does not make you a man of culture","",""
"2022-06-06,16:03:36","Tanker50207","#6978","Rule 34 is not a culture?","",""
"2022-06-06,16:24:23","Frunnkis","#8368","Surpassing your porn addiction","Fart City 2#4264",""
"2022-06-06,16:24:26","Frunnkis","#8368","True culture","",""
"2022-06-06,19:46:17","ZeBoss","#9827","imagine watching porn for the plot","Fart City 2#4264",""
"2022-06-06,20:34:21","Wubba Wubba","#1493","Do you not?","",""
"2022-06-06,20:34:55","Wubba Wubba","#1493","What turns me on the most is a well crafted character arc, and good character development, as well as fine-tuned dialogue and cinematography","",""
"2022-06-06,20:35:18","Bachibouzou08","#3488","https://media.discordapp.net/attachments/919026962519965737/923046705220436048/1c708022-7898-4121-9968-0f0d24b8f986.gif","",""
"2022-06-06,20:35:46","Freeno","#1142","Persona is a good rpg franchise","",""
"2022-06-06,20:35:57","Freeno","#1142","However","",""
"2022-06-06,20:36:16","Freeno","#1142","I refuse to be associated with its community","",""
"2022-06-06,21:00:26","Le Mounir","#6969","üßê","",""
"2022-06-06,21:03:54","Hathena","#6395","Unpopular opinion: banana","",""
"2022-06-06,21:04:54","Le Mounir","#6969","Banger tweet","",""
"2022-06-06,21:07:39","nomorethannick","#2460","I refuse to be associated with any community tbh","Freeno#1142",""
"2022-06-06,21:11:12","Freeno","#1142","SAME LIKE I JUST WANT ENJOY GAME FOR GAME","",""
"2022-06-06,21:20:14","Hathena","#6395","Unpopular opinion: New York sucks balls","",""
"2022-06-06,21:21:48","Gawa yawa","#2526","Yo true!","",""
"2022-06-06,23:52:17","Wubba Wubba","#1493","What an absolutely controversial and unpopular opinion","",""
"2022-06-06,23:52:22","Wubba Wubba","#1493","I'm sure no one else has it","",""
"2022-06-19,02:53:18","Hathena","#6395","Anyone who, unironically, consider themselves a chad or to be in any of the chad hierarchy, usually has a small pp.","",""
"2022-06-19,02:53:33","Hathena","#6395","fight me","",""
"2022-06-19,07:58:59","Le Mounir","#6969","","","https://cdn.discordapp.com/attachments/975183511684272129/988050261102723092/inconnu.jpeg"
"2022-06-19,08:37:58","Hathena","#6395","Except for the Republic of Chad","",""
"2022-06-19,09:42:45","Le Mounir","#6969","Bas√©","",""
"2022-06-20,00:30:21","Wubba Wubba","#1493","Reminds me of the people that call themselves alpha unironically","",""
"2022-06-20,00:30:42","Wubba Wubba","#1493","Not really unpopular tho lmao, I feel it's a pretty common thought","",""
"2022-06-20,03:34:57","Fart City 2","#4264","Tyrant","Wubba Wubba#1493",""
"2022-06-20,06:10:59","Hathena","#6395","Tyrant","",""
"2022-06-20,17:32:27","Darky4540","#5733","unpopular opinion, but while the removal of said person was inevitable","",""
"2022-06-20,17:32:32","Darky4540","#5733","its odd not seing his schizoid rants","",""
"2022-06-20,17:32:55","Frunnkis","#8368","i mean he didnt get removed he just dipped lol","",""
"2022-06-20,17:40:05","Hathena","#6395","It was not only inevitable, it was justifiable","",""
"2022-06-20,19:23:49","nomorethannick","#2460","I feel like he either had major issues or was trying to make himself look smart","",""
"2022-06-20,19:25:17","Frunnkis","#8368","Yea","",""
"2022-06-20,23:21:50","Hathena","#6395","He's autistic, but then again","",""
"2022-06-20,23:22:15","Hathena","#6395","Doesn't mean you get to ramble aboot wanting to kill AOC on *here* of all the places","",""
"2022-06-21,09:27:10","Why?","#3862","That's a hot take","",""
"2022-06-21,09:27:39","Darky4540","#5733","That belongs in vent amogus","",""
"2022-06-21,09:27:41","Frunnkis","#8368","something bad happen or is he just a shmuck?","Hathena#6395",""
"2022-06-21,09:27:44","Darky4540","#5733","Come on now jack cartier","",""
"2022-06-21,09:45:23","Hathena","#6395","Oh fuck wrong channel","",""
"2022-06-21,09:45:55","Hathena","#6395","Anyways, he was just being an ass to our parents and whatnot","",""
"2022-06-21,09:46:22","Hathena","#6395","But yeah, not that worthy of a vent","",""
"2022-06-24,18:23:15","nomorethannick","#2460","White people","",""
"2022-06-24,19:00:29","Freeno","#1142","So true","",""
"2022-06-24,19:10:22","SpencerKnight100","#1990","No statement has ever been truer....","",""
"2022-06-25,03:01:13","Hathena","#6395","Bureaucracy sucks ass","",""
"2022-07-23,15:03:25","Smoothie","#0007","That's not an unpopular opinion","Hathena#6395",""
"2022-07-23,16:01:47","Darky4540","#5733","Unpopular opinion. Milfs are overrated","",""
"2022-07-23,16:02:19","Darky4540","#5733","https://tenor.com/view/i-saw-what-you-just-deleted-gif-22613011","",""
"2022-07-23,16:02:24","Darky4540","#5733","<@300225363001344000>","Frunnkis#8368",""
"2022-07-23,23:20:44","Hathena","#6395","It's a fact","Smoothie#0007",""
"2022-07-27,05:39:48","Hathena","#6395","I love airline food","",""
"2022-07-27,05:40:07","Hathena","#6395","when done properly","",""
"2022-07-27,13:55:23","nomorethannick","#2460","Hey guys, what's the deal with airline food?","",""
"2022-07-27,13:55:33","nomorethannick","#2460","Like, what's the deal with it?","",""
"2022-07-27,14:04:43","SpencerKnight100","#1990","I don't know. I guess you can say it's PLANE CRAZY!","",""
"2022-07-27,14:04:46","SpencerKnight100","#1990","....","",""
"2022-07-27,14:04:48","SpencerKnight100","#1990","....","",""
"2022-07-27,14:04:56","SpencerKnight100","#1990","Ok, I'll stop now....","",""
"2022-07-27,14:12:29","Dinanox","#7811","It‚Äôs ok","","https://cdn.discordapp.com/attachments/975183511684272129/1001914992574087359/IMG_2562.jpg"
"2022-07-27,14:14:38","Hathena","#6395","They served this during my flight to Paris","","https://cdn.discordapp.com/attachments/975183511684272129/1001915536545959966/unknown.png"
"2022-07-27,14:14:49","Hathena","#6395","Was pretty good","",""
"2022-07-27,14:15:46","Why?","#3862","I'mma be the first to say it","",""
"2022-07-27,14:15:53","Why?","#3862","That looks terrible","",""
"2022-07-27,14:19:23","Hathena","#6395","But it was alright","",""
"2022-07-27,14:19:54","Hathena","#6395","Better than the slop that they serve on United","",""
"2022-07-27,14:20:31","Bachibouzou08","#3488","If you think that‚Äôs terrible, then I am a disaster","",""
"2022-07-27,14:24:56","Why?","#3862","Looks like slop from here","Hathena#6395",""
"2022-07-27,14:25:07","Why?","#3862","Glad you managed to enjoy it tho","",""
"2022-07-27,17:15:31","Hathena","#6395","I still haven't forgiven AirFrance for messing up my schedule.","",""
"2022-07-28,12:30:47","LOLO","#5036","Looks like diarrhea","Hathena#6395",""
"2022-07-28,12:58:24","Fart City 2","#4264","True","LOLO#5036",""
"2022-07-28,12:58:47","Fart City 2","#4264","Sometimes airplane food is just carrots, brocoli and pasta","",""
"2022-07-28,16:55:56","SpencerKnight100","#1990","I can't quite tell what it is. It kind of looks like guacamole and pasta with a side of nachos.","Hathena#6395",""
"2022-07-28,21:40:59","Hathena","#6395","The green was some sort of porridge","",""
"2022-07-28,21:41:36","Hathena","#6395","The orange was rice with some fish or something(forgot what those white chunks are, but they ain't cheese curds)","",""
"2022-07-28,21:42:03","Hathena","#6395","A side of pickled vegetables and a dessert","",""
"2022-07-28,21:42:55","Fart City 2","#4264","Ye prob camera quality makes it look like crap","",""
"2022-07-28,21:43:00","Fart City 2","#4264","Dont sound bad","",""
"2022-07-30,11:33:01","Hathena","#6395","The dessert was some  sort of oatmeal cake with a fruit filling.","",""
"2022-08-14,21:55:05","Hathena","#6395","","","https://cdn.discordapp.com/attachments/975183511684272129/1008554393530019970/unknown.png"
"2022-08-17,15:59:49","Hathena","#6395","pop_os is just an overrated junkware","",""
"2022-08-17,16:00:04","Hathena","#6395","No clue why the Linux community loves to hype it up so bad","",""
"2022-08-17,17:41:22","nomorethannick","#2460","Linux in general sucks","",""
"2022-08-17,17:41:34","Frunnkis","#8368","That's a take.","",""
"2022-08-17,17:41:51","nomorethannick","#2460","The channel is called unpopular opinions isnt it","",""
"2022-08-17,17:42:23","Frunnkis","#8368","Its called <#975183511684272129> not #i-will-not-judge-you :)","",""
"2022-08-17,17:42:31","Why?","#3862","PERIODT.","Frunnkis#8368",""
"2022-08-17,17:42:38","nomorethannick","#2460","I was just making sure cause I cant read","",""
"2022-08-17,17:46:14","ZeBoss","#9827","gemshim bad","",""
"2022-08-17,17:46:17","ZeBoss","#9827","pad good","",""
"2022-08-17,17:46:27","ZeBoss","#9827","everyone should play funny gacha pad","",""
"2022-08-17,17:46:31","nomorethannick","#2460","Jenshin impact","",""
"2022-08-17,17:46:48","nomorethannick","#2460","God I can never forget when they pronounced it like that at the game awards","",""
"2022-08-17,18:11:47","Hathena","#6395","Debatable, but I'd say the community is worse than the kernel","nomorethannick#2460",""
"2022-08-17,18:12:31","nomorethannick","#2460","that's true, but I also hate the operating system too","",""
"2022-08-17,18:12:54","nomorethannick","#2460","for me I just like windows better despite how much I hate microsoft","",""
"2022-08-17,18:13:02","Hathena","#6395","I agree to an extent","",""
"2022-08-17,18:13:41","Hathena","#6395","Other than for ü§ì's, there's no other use for Linux","",""
"2022-08-17,18:50:27","Le Mounir","#6969","Based,.someone pin that","",""
"2022-08-17,19:23:35","Bachibouzou08","#3488","","",""
"2022-08-17,19:30:49","Frunnkis","#8368","Based,.someone pinned that","",""
"2022-08-18,17:05:57","nomorethannick","#2460","Saul Goodman","",""
"2022-08-18,21:35:02","LOLO","#5036","https://tenor.com/view/3d-saul-saul-goodman-adamghik-gif-23876766","nomorethannick#2460",""
"2022-08-18,22:04:29","Hathena","#6395","Don't get me wrong, I love Visual Studio Code. But I'm gonna miss Atom when GitHub archives the source code.","",""
"2022-08-18,22:07:08","Frunnkis","#8368","fuck vsc","",""
"2022-08-18,22:07:13","Frunnkis","#8368","IntelliJ all the way","",""
"2022-08-18,22:18:33","Hathena","#6395","Blasphemy","",""
"2022-08-18,22:19:30","Frunnkis","#8368","It's not blasphemy it's true","",""
"2022-08-18,22:19:37","Frunnkis","#8368","WebStorm my beloved","",""
"2022-08-18,22:20:04","Hathena","#6395","Intellicringe","",""
"2022-08-18,22:20:11","Frunnkis","#8368",">:(","",""
"2022-08-18,22:20:13","Hathena","#6395","Visual Studio Based","",""
"2022-08-18,22:20:25","Hathena","#6395","No but JetBrains is good","",""
"2022-08-18,22:20:26","Frunnkis","#8368","Rider is objectively better than Visual Studio, at least for my experience with Unity","",""
"2022-08-18,22:20:48","Hathena","#6395","it's just that they're too resource heavy","",""
"2022-08-18,22:20:52","Hathena","#6395","at times","",""
"2022-08-18,22:21:01","Hathena","#6395","VSC is superior to VS","",""
"2022-08-18,22:21:05","Frunnkis","#8368","for sure","",""
"2022-08-18,22:21:18","Frunnkis","#8368","At least on my system Rider loads almost as fast as VSC","",""
"2022-08-18,22:21:43","Hathena","#6395","Would be rad if JetBrain releases their own code editor like Microsoft","",""
"2022-08-18,22:22:43","Hathena","#6395","But i have to admit, they're no match for their common ancestors:","",""
"2022-08-18,22:22:45","Hathena","#6395","vim, emacs, and nano","",""
"2022-08-18,22:22:57","Frunnkis","#8368","But i can't close vim üòî","",""
"2022-08-18,22:23:13","ZeBoss","#9827","eclipse","",""
"2022-08-18,22:23:37","Frunnkis","#8368","NO","ZeBoss#9827",""
"2022-08-18,22:23:46","Frunnkis","#8368","DO NOT SPEAK THOSE CURSED WORDS IN MY PRESENCE","",""
"2022-08-18,22:24:17","ZeBoss","#9827","it's still better than vs","",""
"2022-08-18,22:24:26","Frunnkis","#8368","what","",""
"2022-08-18,22:24:27","Frunnkis","#8368","no","",""
"2022-08-18,22:24:30","Frunnkis","#8368","it isn't","",""
"2022-08-18,22:24:42","Hathena","#6395","Eclipse is just","",""
"2022-08-18,22:24:43","Hathena","#6395","bad","",""
"2022-08-18,22:24:52","Hathena","#6395","Well, better than NetBeans","",""
"2022-08-18,22:24:55","Hathena","#6395","I guess?","",""
"2022-08-18,22:24:56","Frunnkis","#8368","Eclipse was the worst development software I've ever had the misfortune of using","",""
"2022-08-18,22:25:03","ZeBoss","#9827","i hated my experience with vs/vsc during my unity classes","",""
"2022-08-18,22:25:08","Hathena","#6395","But I do find NetBeans to be oddly attractive","",""
"2022-08-18,22:25:22","Frunnkis","#8368","I never touched NetBeans so no comment","",""
"2022-08-18,22:25:22","Hathena","#6395","You can't use Eclipse for C#","",""
"2022-08-18,22:25:30","ZeBoss","#9827","i prefer netbeans to eclipse","",""
"2022-08-18,22:25:30","Hathena","#6395","I think?","",""
"2022-08-18,22:25:45","ZeBoss","#9827","but i think eclipse is superior, i guess?","",""
"2022-08-18,22:25:48","Frunnkis","#8368","I remember tawfiq literally fucking groaned when he read our syllabus  and saw eclipse","",""
"2022-08-18,22:26:05","Hathena","#6395","King shit","",""
"2022-08-18,22:26:27","Hathena","#6395","Eclipse might be good, but it's no where near as good as JetBrains' IDE's","",""
"2022-08-18,22:26:45","Hathena","#6395","Let alone Visual Studio/Code","",""
"2022-08-18,22:27:51","ZeBoss","#9827","i may be biased against vsc, because it was a pain to install","",""
"2022-08-18,22:28:09","ZeBoss","#9827","then i needed more plugins for basic stuff","",""
"2022-08-18,22:28:33","ZeBoss","#9827","i may have done something wrong, and that's my bad, but it left a sour taste in my mouth","",""
"2022-08-18,22:34:14","Hathena","#6395","On a more unrelated note:","",""
"2022-08-19,12:39:20","Randy","#2505","Honestly I don't care at all about IDEs","",""
"2022-08-19,12:39:43","Randy","#2505","Like just use the one that works best for the tool your usingXD","",""
"2022-08-19,12:40:45","Randy","#2505","Java/intellij, c#/vs, Js/vsc","",""
"2022-08-19,12:40:55","Randy","#2505","But I will say tho","",""
"2022-08-19,12:41:22","Frunnkis","#8368","Java intellij
C# rider
Js webstorm","Randy#2505",""
"2022-08-19,12:41:22","Randy","#2505","It took me way to long to go from notepad++ to vsc üíÄ","",""
"2022-08-19,12:41:33","Randy","#2505","The fuck is rider","",""
"2022-08-19,12:41:46","Frunnkis","#8368","Imagine intellij but for c#, c++, etc.","",""
"2022-08-19,12:42:02","Frunnkis","#8368","*it's beautiful*","",""
"2022-08-19,12:42:04","Randy","#2505","Damn okok","",""
"2022-08-19,12:42:14","Randy","#2505","I mean it's not hard to beat vs","",""
"2022-08-19,12:42:28","Frunnkis","#8368","True","",""
"2022-08-19,12:42:57","Randy","#2505","I'll probably never touch an IDE for the next few years tho","",""
"2022-08-19,12:43:43","Randy","#2505","Cuz at work we use Apex and Js","",""
"2022-08-19,12:43:53","Randy","#2505","So we need the vsc plugins","",""
"2022-08-19,12:59:13","Frunnkis","#8368","Interesting","",""
"2022-08-19,12:59:19","Frunnkis","#8368","What's Apex?","",""
"2022-08-19,13:05:01","nomorethannick","#2460","Apex Legend","",""
"2022-08-19,13:13:50","Randy","#2505","It's kinda like subset of Java used for Salesforce","Frunnkis#8368",""
"2022-08-19,14:16:10","Bachibouzou08","#3488","Y‚Äôall IDE are trash, the only one you need is notepad","",""
"2022-08-19,14:17:03","Why?","#3862","Microsoft Word","",""
"2022-08-19,14:31:25","rezchick","#1417","A pen and paper","",""
"2022-08-19,15:35:01","Hathena","#6395","","Bachibouzou08#3488","https://cdn.discordapp.com/attachments/975183511684272129/1010270687082074142/Screen_Shot_2022-08-19_at_3.34.57_PM.png"
"2022-08-19,15:38:46","Tanker50207","#6978","Ms paint","",""
"2022-08-19,15:46:51","Hathena","#6395","finger and tissue","",""
"2022-08-19,15:47:13","Hathena","#6395","stick and dirt","",""
"2022-08-19,15:47:33","Hathena","#6395","Papyrus scripts","",""
"2022-08-19,15:47:35","Hathena","#6395","Clay tablets","",""
"2022-08-19,15:57:11","Frunnkis","#8368","Oh I have one that's just as primitive: VI","",""
"2022-08-19,16:01:52","Hathena","#6395","pico","",""
"2022-08-23,08:57:05","Hathena","#6395","~~AYO she kinda bad tho ngl~~","","https://cdn.discordapp.com/attachments/975183511684272129/1011620094448775268/unknown.png"
"2022-08-23,08:57:32","Hathena","#6395","I'll see myself out","",""
"2022-08-23,12:00:46","Fart City 2","#4264","u got this tuan","Hathena#6395",""
"2022-08-23,12:00:53","Fart City 2","#4264","new semester new you","",""
"2022-08-23,12:12:43","Hathena","#6395","Thanks man, but my point still stands","",""
"2022-08-24,13:47:35","OlbericTheWarrior","#8348","üì∏","Hathena#6395",""
"2022-08-26,09:38:02","nomorethannick","#2460","Better call me","",""
"2022-08-26,09:47:27","Hathena","#6395","Saules Bonhomme","",""
"2022-08-26,22:17:45","Mega","#9592","Omg better colesaw","",""
"2022-08-26,22:18:19","Mega","#9592","He defecated through a sunroof ono","",""
"2022-09-09,10:45:24","nomorethannick","#2460","I dont find the jokes about the Queen's death funny","",""
"2022-09-09,10:46:31","nomorethannick","#2460","Idk why anyone in their right mind would just casually turn someone's death into a laughing stock it just feels wrong and disrespectful","",""
"2022-09-09,10:52:02","Hathena","#6395","yeah...","",""
"2022-09-09,10:52:11","Hathena","#6395","Anyways, pour one out for Her Majesty","","https://cdn.discordapp.com/attachments/975183511684272129/1017809652576165898/unknown.png"
"2022-09-09,10:55:48","Hathena","#6395","","","https://cdn.discordapp.com/attachments/975183511684272129/1017810564426240062/unknown.png"
"2022-09-09,12:23:56","LOLO","#5036","Agree lol I think it's kinda degen","nomorethannick#2460",""
"2022-09-14,10:01:37","Hathena","#6395","I think Disney's live action remakes are always cheap, soulless crap and should not exist","",""
"2022-09-14,10:03:45","Hathena","#6395","But hey, Disney is a horrible company to begin with.","",""
"2022-09-14,10:32:33","Fart City 2","#4264","real","Hathena#6395",""
"2022-09-14,10:32:39","Fart City 2","#4264","ruining mcu","",""
"2022-09-14,10:32:41","Fart City 2","#4264","smh","",""
"2022-09-14,10:32:53","Fart City 2","#4264","anyways heard moonknight was good","",""
"2022-09-14,11:43:23","Hathena","#6395","","","https://cdn.discordapp.com/attachments/975183511684272129/1019634477141610556/unknown.png"
"2022-09-14,17:57:59","ZeBoss","#9827","moon knight is good","Fart City 2#4264",""
"2022-09-14,17:58:18","ZeBoss","#9827","remakes are ok, but not as good as the originals","Hathena#6395",""
"2022-09-14,18:03:55","Hathena","#6395","What's worse is that Disney uses their actors and actresses as shields to deflect any criticisms directed at them","",""
"2022-09-14,18:09:29","Hathena","#6395","Like bro, just admit that your Golden years are long gone.","",""
"2022-09-14,18:20:49","SpencerKnight100","#1990","The characters that spawned from Disney (specifically Mickey) will always remain near and dear to my heart, but I agree that the higher-ups really need to get their crap together.","Hathena#6395",""
"2022-09-14,18:24:10","ZeBoss","#9827","and please, for the love of god, STOP BUYING EVERY OTHER COMPANY, DISNEY!!!","",""
"2022-09-14,18:27:08","Frunnkis","#8368","All of the Disney characters I really like weren't created by Disney they were just absorbed into the Amalgam‚Ñ¢Ô∏è","",""
"2022-09-14,18:30:33","SpencerKnight100","#1990","Do you think Walt Disney would be proud of what his franchise has become, or do you think he's be rolling in his grave/cryogenic chamber?","Frunnkis#8368",""
"2022-09-14,18:31:09","Frunnkis","#8368","Hmm. I think one detail you're missing is that","SpencerKnight100#1990",""
"2022-09-14,18:31:19","Frunnkis","#8368","","","https://cdn.discordapp.com/attachments/975183511684272129/1019737139140890654/image0.gif"
"2022-09-14,18:31:53","SpencerKnight100","#1990","So.. He'd be proud of it?","",""
"2022-09-14,18:32:04","Frunnkis","#8368","If it prints money, it prints money.","",""
"2022-09-14,18:32:23","SpencerKnight100","#1990","What does that mean?","",""
"2022-09-14,18:32:33","Hathena","#6395","Oh yeah, that too","ZeBoss#9827",""
"2022-09-14,18:32:41","Hathena","#6395","Mfs be buying anything that's on the market","",""
"2022-09-14,18:34:06","SpencerKnight100","#1990","What's next? Godzilla?","Hathena#6395",""
"2022-09-14,18:34:55","Hathena","#6395","Would be funny if they ended up buying Raytheon next","",""
"2022-09-14,18:35:22","Hathena","#6395","And made an animated movie about warheads","",""
"2022-09-14,18:37:57","SpencerKnight100","#1990","I think they already did that. It was called the 1930's and 40's.","",""
"2022-09-14,18:38:20","SpencerKnight100","#1990","","","https://cdn.discordapp.com/attachments/975183511684272129/1019738902787014656/animated_1663195084623.gif"
"2022-09-14,18:39:23","Hathena","#6395","Disney's 
1975: The New Vietnam

From the makers of 1939: Bad Man Rises","",""
"2022-09-14,22:08:40","SpencerKnight100","#1990","I know this is kind of random, but I just learned that HBO is apparently doing an adult animated Scooby Doo series about Velma. Please tell me that I'm not the only one who's heard of this....","",""
"2022-09-14,22:27:52","Fart City 2","#4264","i am hard","SpencerKnight100#1990",""
"2022-09-14,22:28:01","Darky4540","#5733","i am soft","",""
"2022-09-14,23:00:00","Fart City 2","#4264","velma is hot you son of a bitch","Darky4540#5733",""
"2022-09-14,23:06:04","Gawa yawa","#2526","Them glasses got me acting up","",""
"2022-09-15,06:10:52","SpencerKnight100","#1990","I'm not even upset about the fact that they changed Velma's race (screw it, I'll even say that I'm all for it). I just don't understand why people feel the need to make adult-oriented reboots or spin-offs centered around classic cartoons for children. Harley Quinn is one thing, but why are they giving the same treatment to friggin' Scooby Doo?","",""
"2022-09-15,10:10:00","Tanker50207","#6978","Nostalgia","",""
"2022-09-15,10:11:09","Tanker50207","#6978","I'm against it cause in most cases it ruins a series more than it adds to it. But yeah, because there is money to be made on it.","",""
"2022-09-15,10:12:03","Tanker50207","#6978","They have a target audience, so they do their best to milk it dry, regardless of it being necessary or not.","",""
"2022-09-15,12:57:23","LOLO","#5036","Money","SpencerKnight100#1990",""
"2022-09-15,18:02:10","Hathena","#6395","Honestly, idgaf about them changing races","",""
"2022-09-15,18:02:27","Hathena","#6395","Just you know, make it make sense in the context of history?","",""
"2022-09-15,18:04:08","Hathena","#6395","Don't make Ho Chi Minh a Japanese man living in Tokyo","",""
"2022-09-15,20:47:49","Hathena","#6395","I think Val-de-Sources should stay as Asbestos","",""
"2022-09-15,20:48:01","Hathena","#6395","Or Amiante","",""
"2022-09-22,10:13:15","Hathena","#6395","I wish I could single-handedly overturn the strike tomorrow","",""
"2022-09-22,10:19:40","Gawa yawa","#2526","Oh fuck if there‚Äôs a strike than the school would be closed right?","",""
"2022-09-22,10:19:48","Gawa yawa","#2526","There‚Äôd be no point visiting","",""
"2022-09-22,10:19:52","Gawa yawa","#2526","<:dread:845749870778384446>","",""
"2022-09-22,10:27:20","Frunnkis","#8368","Yep. All classes cancelled","",""
"2022-09-22,10:45:09","Gawa yawa","#2526","Well shit","",""
"2022-09-22,10:45:19","Gawa yawa","#2526","Guess i‚Äôll go to a comic store instead","",""
"2022-09-22,14:12:03","ZeBoss","#9827","pretty sure most people that voted for the march won't even participate in it","",""
"2022-09-22,14:12:55","Beetleüíú","#9261","i will","",""
"2022-09-22,14:18:25","Hathena","#6395","I went to one back in 2019","",""
"2022-09-22,14:18:27","Hathena","#6395","Never again","",""
"2022-09-22,14:23:03","LOLO","#5036","I probably will lol","",""
"2022-09-22,14:23:16","Fart City 2","#4264","I hate everyone who voted for","",""
"2022-09-22,14:23:36","Fart City 2","#4264","And isnt participating","",""
"2022-09-22,14:24:09","LOLO","#5036","I didn't vote and I'm participating what does that make me","",""
"2022-09-22,14:28:43","Beetleüíú","#9261","a good guy probs","",""
"2022-09-22,14:29:16","Beetleüíú","#9261","but like the ppl who signed up just to skip just seem rlly selfish and inconsiderate but whatever right","",""
"2022-09-22,14:30:12","Hathena","#6395","Yeah","",""
"2022-09-22,14:30:55","Hathena","#6395","For me, I just find there's 0 point in participating, when I can just work on saving the environment on my own.","",""
"2022-09-22,14:31:21","Fart City 2","#4264","Yeah fuck the insta pages","",""
"2022-09-22,14:31:23","Fart City 2","#4264","Fr","",""
"2022-09-22,14:31:35","Fart City 2","#4264","I blame it on them","",""
"2022-09-22,14:32:08","Hathena","#6395","I blame social media in general","",""
"2022-09-22,14:32:24","Beetleüíú","#9261","how will you do that","Hathena#6395",""
"2022-09-22,14:33:34","Hathena","#6395","Possibly by not putting my computer in standby for too long, or just do something that's within my reach.
Cause I know for sure the corporations and governments won't do zilch.","",""
"2022-09-22,14:34:00","Hathena","#6395","No amount of protesting will persuade BP, Shell, .etc to not fuck up the planet","",""
"2022-09-22,14:34:08","Beetleüíú","#9261","well that wont do much but at least you're conscious about corporations and gvt being cunts abt this stuff","",""
"2022-09-22,14:34:50","Beetleüíú","#9261","yeah true but the gov has more of a chance to add legislations to diminish the future effects","",""
"2022-09-22,14:34:55","Hathena","#6395","They're the main culprits tbh, they can change but choose not too.
Always","",""
"2022-09-22,14:34:58","Beetleüíú","#9261","def","",""
"2022-09-22,14:35:09","Frunnkis","#8368","https://tenor.com/view/money-mr-krabs-gif-18326632","Hathena#6395",""
"2022-09-22,14:35:48","Beetleüíú","#9261","welp, either way, i voted to go so im going. at least im not taking advantage of the school letting this happen","",""
"2022-09-22,14:42:20","Hathena","#6395","üëç","",""
"2022-09-22,17:17:15","Babus","#7601","the skipped day made me not have to do hw","",""
"2022-09-22,17:17:19","Babus","#7601","üòº","",""
"2022-09-23,11:21:48","Hathena","#6395","The march will start at 1 o clock, right?","",""
"2022-09-25,20:12:40","Hugh Neutron","#3671","Here's a good one","",""
"2022-09-25,20:12:50","Hugh Neutron","#3671","Oatmeal is not porridge","",""
"2022-09-25,20:12:57","Darky4540","#5733","OOOO","",""
"2022-09-25,20:13:00","Darky4540","#5733","NOW THATS A TAKE","",""
"2022-09-25,21:46:55","Hathena","#6395","It's congee","",""
"2022-09-30,10:42:02","Hathena","#6395","Here's a controversial one:","",""
"2022-09-30,10:42:18","Hathena","#6395","Microsoft Edge is a great, lightweight browser","",""
"2022-09-30,10:47:42","Frunnkis","#8368","ü§®","",""
"2022-09-30,10:48:44","Frunnkis","#8368","*it's just more fuckin chromium*","",""
"2022-09-30,10:54:56","Hathena","#6395","Chromium is better than Chrome at times tbh","",""
"2022-09-30,10:55:35","Hathena","#6395","Vivaldi's also pretty good, but too resource-heavy for my liking.","",""
"2022-09-30,10:55:40","Hathena","#6395","Same for Opera GX","",""
"2022-09-30,10:56:14","Frunnkis","#8368","I'm prob gonna switch to Firefox if chrome goes through with this anti AdBlock shit","",""
"2022-09-30,10:56:24","Bachibouzou08","#3488","https://tenor.com/view/doggo-meme-firefox-gif-14524252","",""
"2022-09-30,10:57:09","Frunnkis","#8368","*I love megacorporations, I love having no privacy, I love signing away my entire being to big tech*","",""
"2022-09-30,11:09:20","LOLO","#5036","What","Frunnkis#8368",""
"2022-09-30,11:09:25","LOLO","#5036","Anti Adblock???","",""
"2022-09-30,11:30:45","Gawa yawa","#2526","Or","",""
"2022-09-30,11:30:52","Gawa yawa","#2526","You could check out today‚Äôs sponsor","",""
"2022-09-30,11:30:58","Gawa yawa","#2526","Opera gx","",""
"2022-09-30,11:31:07","Gawa yawa","#2526","The best browser made for gamers","",""
"2022-09-30,12:48:39","LOLO","#5036","my computer can't run it and I hate how the app icon looks","Gawa yawa#2526",""
"2022-09-30,13:03:54","Frunnkis","#8368","Judging apps based on their icons instead of their contents? Omegabased","LOLO#5036",""
"2022-09-30,13:19:43","LOLO","#5036","I mean it says a lot about design choice if they can't even manage to design a nice icon that's gonna be the face of their app","Frunnkis#8368",""
"2022-09-30,13:19:58","LOLO","#5036","I mean this is all my opinion lol if you like the icon there's no shame","",""
"2022-09-30,13:40:17","Hathena","#6395","The icon's wack tbh","",""
"2022-09-30,13:40:50","Hathena","#6395","Never been a big fan of Opera to begin with, so I'm aware of my biases","",""
"2022-09-30,15:18:03","Freeno","#1142","Nah opera icon is shit","",""
"2022-09-30,15:18:12","Freeno","#1142","They literally made it a ven diagram","",""
"2022-10-03,19:21:51","Hathena","#6395","O Reilly books suck ass","",""
"2022-10-03,19:22:13","Hathena","#6395","Overpriced junk that says jack shit about the topic in hand.","",""
"2022-10-03,19:23:36","Hathena","#6395","No Starch Press seems to be the only good publisher for programming books nowadays tbh","",""
"2022-10-04,11:01:21","Hathena","#6395","Light theme isn't even that bad","",""
"2022-10-04,11:38:02","Le Mounir","#6969","Your worst opinion","",""
"2022-10-04,11:40:10","Hathena","#6395","Sure, your retina might be burned to ashes","",""
"2022-10-04,12:04:41","Frunnkis","#8368","Depends
Productivity apps? <:Pee:903618840255152149> 
Discord, etc.? <:Poo:903618859972579370>","Hathena#6395",""
"2022-10-04,12:33:47","ùöîùöíùöîùöí","#2769","It‚Äôs not necessarily horrible but it‚Äôs almost never as pleasant as dark theme","Hathena#6395",""
"2022-10-04,12:37:10","Hathena","#6395","Wireshark <:Pee:903618840255152149> 
Discord <:Pee:903618840255152149>
Major browsers <:Pee:903618840255152149>
iTerm <:Pee:903618840255152149>","Frunnkis#8368",""
"2022-10-04,12:37:20","Hathena","#6395","Twitter <:Poo:903618859972579370>","",""
"2022-10-04,12:37:34","Hathena","#6395","Twitter light mode just looks horrible","",""
"2022-10-04,14:56:34","Hathena","#6395","The Try Guys were never funny tbh, since they're owned by Buzzfeed.","",""
"2022-10-15,17:41:01","Hathena","#6395","Glass screen protectors are the worst invention known to man","",""
"2022-10-15,17:41:16","Hathena","#6395","My phone looks horrendous with it","",""
"2022-10-15,19:30:36","Hathena","#6395","Nope, should've checked the entire package since there are guide stickers in the back","",""
"2022-10-15,19:30:40","Hathena","#6395","calisse","",""
"2022-11-23,15:12:53","Hathena","#6395","The coleslaw from the caf is good ngl.","",""
"2023-01-20,07:29:54","ZeBoss","#9827","Imagine Dragons makes genuine bangers and are overhated imho","",""
"2023-01-20,09:07:30","Hathena","#6395","i don't get the hate at all to be blunt","",""
